MSE,RMSE,MAE,R2
221.3081745909695,14.876430169599475,9.315453279984421,0.9604099057466553
