tpr,threshold,fpr
0.8469387755102041,0.46794793009757996,0.316
