tpr,threshold,fpr
0.5918367346938775,0.4807787239551544,0.096
