tpr,threshold,fpr
0.4897959183673469,0.5193334221839905,0.06
