tpr,threshold,fpr
0.5408163265306123,0.5038461089134216,0.072
