tpr,threshold,fpr
0.5918367346938775,0.48001062870025635,0.096
