lift,depth
3.3388525221409315,0.17725752508361206
