lift,depth
3.6337995872506306,0.1488294314381271
