lift,depth
3.4437260052535863,0.16889632107023414
