lift,depth
3.440512375162831,0.15719063545150502
