lift,depth
3.602409638554217,0.13879598662207357
