lift,depth
3.344387755102041,0.17391304347826084
