lift,depth
3.7551020408163267,0.0
3.7551020408163267,0.13043478260869565
