lift,depth
3.1884537598823313,0.18561872909698998
