lift,depth
2.1015327292742825,0.40301003344481606
