lift,depth
2.9493197278911563,0.20066889632107024
