tpr,threshold,fpr
0.5816326530612245,0.4900013208389282,0.088
