tpr,threshold,fpr
0.5408163265306123,0.5033332705497742,0.072
