tpr,threshold,fpr
0.5918367346938775,0.4857182204723358,0.096
