recall,precision
0.0,0.6153846153846154
0.4897959183673469,0.6153846153846154
