recall,precision
0.5918367346938775,0.48333333333333334
