recall,precision
0.5408163265306123,0.5638297872340425
