recall,precision
0.5816326530612245,0.5480769230769231
