recall,precision
0.5816326530612245,0.5643564356435643
