recall,precision
0.5408163265306123,0.5955056179775281
