recall,precision
0.5918367346938775,0.5225225225225225
