recall,precision
0.5918367346938775,0.5471698113207547
