recall,precision
0.8469387755102041,0.34439834024896265
